{
  "fmlloader-1.20.1-47.4.13.jar (modloader)": {
    "jarName": "fmlloader-1.20.1-47.4.13.jar (modloader)",
    "modId": "forge",
    "version": "fmlloader-1.20.1-47.4.13.jar"
  },
  "AI-Improvements-1.20-0.5.2.jar": {
    "jarName": "AI-Improvements-1.20-0.5.2.jar",
    "modId": "aiimprovements",
    "version": "0.5.2",
    "curseForgeHash": 2983526960,
    "modrinthHash": "11ad483d1fd1f7ebd84b4940b1dc0926b3e9daa8"
  },
  "alexscaves-2.0.2.jar": {
    "jarName": "alexscaves-2.0.2.jar",
    "modId": "alexscaves",
    "version": "2.0.2",
    "curseForgeHash": 3087031510,
    "modrinthHash": "a1e5c7b7c7eadda4c8e954acbcbaf75a7b500d53"
  },
  "alltheleaks-1.1.1+1.20.1-forge.jar": {
    "jarName": "alltheleaks-1.1.1+1.20.1-forge.jar",
    "modId": "alltheleaks",
    "version": "1.1.1+1.20.1-forge",
    "curseForgeHash": 1225915087,
    "modrinthHash": "3c43c2e76093dc7ef5ad6e456d20da9674c653aa"
  },
  "almostunified-forge-1.20.1-0.10.1.jar": {
    "jarName": "almostunified-forge-1.20.1-0.10.1.jar",
    "modId": "almostunified",
    "version": "1.20.1-0.10.1",
    "curseForgeHash": 3878434749,
    "modrinthHash": "908bb8c851a38e2ad4f3e5965b1b9a6668070d66"
  },
  "Amplified_Nether_1.21.x_v1.2.11.jar": {
    "jarName": "Amplified_Nether_1.21.x_v1.2.11.jar",
    "modId": "amplified_nether",
    "version": "1.2.12",
    "curseForgeHash": 2486953238,
    "modrinthHash": "7786aab32597cb2f0c2ccbeb106d780f160e7028"
  },
  "ApothicAttributes-1.20.1-1.3.7.jar": {
    "jarName": "ApothicAttributes-1.20.1-1.3.7.jar",
    "modId": "attributeslib",
    "version": "1.3.7",
    "curseForgeHash": 2709009994,
    "modrinthHash": "1dc0744d17f0861fe6b067798d39abce9d8e0e86"
  },
  "appleskin-forge-mc1.20.1-2.5.1.jar": {
    "jarName": "appleskin-forge-mc1.20.1-2.5.1.jar",
    "modId": "appleskin",
    "version": "2.5.1+mc1.20.1",
    "curseForgeHash": 1671637789,
    "modrinthHash": "81919356f84eab14258db98924b66c3c38e372b1"
  },
  "Aquaculture-1.20.1-2.5.6.jar": {
    "jarName": "Aquaculture-1.20.1-2.5.6.jar",
    "modId": "aquaculture",
    "version": "2.5.6",
    "curseForgeHash": 4112823732,
    "modrinthHash": "8a00a1f1d83d7c80a3f14f0a4030873950c41978"
  },
  "aquaculturedelight-1.1.1-forge-1.20.1.jar": {
    "jarName": "aquaculturedelight-1.1.1-forge-1.20.1.jar",
    "modId": "aquaculturedelight",
    "version": "1.1.1",
    "curseForgeHash": 1933590206,
    "modrinthHash": "e20e281d1d8909d334a331e110ad091d4b03027f"
  },
  "Architects-Palette-1.20.1-1.3.6.1.jar": {
    "jarName": "Architects-Palette-1.20.1-1.3.6.1.jar",
    "modId": "architects_palette",
    "version": "1.3.6.1",
    "curseForgeHash": 3848188487,
    "modrinthHash": "a8f4ca56f23007ad3a34d9fcbda2f241d86c314b"
  },
  "architectury-9.2.14-forge.jar": {
    "jarName": "architectury-9.2.14-forge.jar",
    "modId": "architectury",
    "version": "9.2.14",
    "curseForgeHash": 98480002,
    "modrinthHash": "a52918a500ff421180a1cbd1a0cabee712134ec4"
  },
  "athena-forge-1.20.1-3.1.2.jar": {
    "jarName": "athena-forge-1.20.1-3.1.2.jar",
    "modId": "athena",
    "version": "3.1.2",
    "curseForgeHash": 3211401917,
    "modrinthHash": "2acee24454af859988a691f0506271a465f68f7b"
  },
  "Atlas Lib-1.20.1-1.1.12.jar": {
    "jarName": "Atlas Lib-1.20.1-1.1.12.jar",
    "modId": "atlaslib",
    "version": "1.1.12",
    "curseForgeHash": 1355443815,
    "modrinthHash": "17534bfd6878afc2da5d990fe6fc348b2606530c"
  },
  "BadOptimizations-2.4.0-1.20.1.jar": {
    "jarName": "BadOptimizations-2.4.0-1.20.1.jar",
    "modId": "badoptimizations",
    "version": "2.4.0",
    "curseForgeHash": 1241479112,
    "modrinthHash": "d664f5e16a4ddef2a207146155716cfb299eb4f7"
  },
  "beautify-2.0.2.jar": {
    "jarName": "beautify-2.0.2.jar",
    "modId": "beautify",
    "version": "2.0.2",
    "curseForgeHash": 4228223791,
    "modrinthHash": "497ab2ebccbf89f15845428cf0e26ca5d9c4ce76"
  },
  "bettercombat-forge-1.9.0+1.20.1.jar": {
    "jarName": "bettercombat-forge-1.9.0+1.20.1.jar",
    "modId": "bettercombat",
    "version": "1.9.0+1.20.1",
    "curseForgeHash": 1449708850,
    "modrinthHash": "ea7e7247132cb3acacadd96b2b6b635c4cc63a74"
  },
  "betterfpsdist-1.20.1-6.0.jar": {
    "jarName": "betterfpsdist-1.20.1-6.0.jar",
    "modId": "betterfpsdist",
    "version": "1.20.1-6.0",
    "curseForgeHash": 514915357,
    "modrinthHash": "8e4fe2cd85c08c24ab363b47a63d1c872fc3cc1e"
  },
  "birdsnests-2.1.3.jar": {
    "jarName": "birdsnests-2.1.3.jar",
    "modId": "birdsnests",
    "version": "2.1.2",
    "curseForgeHash": 4104780934,
    "modrinthHash": "538793fd10e3bf2eaf84bd0e172797a0d09765be"
  },
  "blueprint-1.20.1-7.1.3.jar": {
    "jarName": "blueprint-1.20.1-7.1.3.jar",
    "modId": "blueprint",
    "version": "7.1.3",
    "curseForgeHash": 2155548073,
    "modrinthHash": "fdf9cb568546e80485ea4402a39656ed9acfa991"
  },
  "Bookshelf-Forge-1.20.1-20.2.13.jar": {
    "jarName": "Bookshelf-Forge-1.20.1-20.2.13.jar",
    "modId": "bookshelf",
    "version": "20.2.13",
    "curseForgeHash": 2325681367,
    "modrinthHash": "c53d9eb5ce9e8ef0f2ea9b11e478d84ce958c3e5"
  },
  "BrewinAndChewin-1.20.1-3.2.1.jar": {
    "jarName": "BrewinAndChewin-1.20.1-3.2.1.jar",
    "modId": "brewinandchewin",
    "version": "1.20.1-3.2.1",
    "curseForgeHash": 2828717628,
    "modrinthHash": "b11a91386ef9da2569b69fd4c229b1c31dcc2eb9"
  },
  "caelum-1.20.1-2.0.0.0.jar": {
    "jarName": "caelum-1.20.1-2.0.0.0.jar",
    "modId": "caelum",
    "version": "1.20.1-2.0.0.0",
    "curseForgeHash": 939517714,
    "modrinthHash": "8b1980f2a91599aea95fecd646b8bc265df7786f"
  },
  "caelus-forge-3.2.0+1.20.1.jar": {
    "jarName": "caelus-forge-3.2.0+1.20.1.jar",
    "modId": "caelus",
    "version": "3.2.0+1.20.1",
    "curseForgeHash": 2212904341,
    "modrinthHash": "fa834f140bf7dce7b67c29b46cb531f4309d3209"
  },
  "carryon-forge-1.20.1-2.1.2.7.jar": {
    "jarName": "carryon-forge-1.20.1-2.1.2.7.jar",
    "modId": "carryon",
    "version": "2.1.2.7",
    "curseForgeHash": 1899432453,
    "modrinthHash": "9999714ca3dd2f2401f0396ca44f3b27c3784c4f"
  },
  "chipped-forge-1.20.1-3.0.7.jar": {
    "jarName": "chipped-forge-1.20.1-3.0.7.jar",
    "modId": "chipped",
    "version": "3.0.7",
    "curseForgeHash": 3175573632,
    "modrinthHash": "25ee2a0846059d8f21d28b94b7e0229b60cb5499"
  },
  "citadel-2.6.2-1.20.1.jar": {
    "jarName": "citadel-2.6.2-1.20.1.jar",
    "modId": "citadel",
    "version": "2.6.2",
    "curseForgeHash": 633471506,
    "modrinthHash": "06866f4005d3f6ba63ac01f715b352842d809bbd"
  },
  "cloth-config-11.1.136-forge.jar": {
    "jarName": "cloth-config-11.1.136-forge.jar",
    "modId": "cloth_config",
    "version": "11.1.136",
    "curseForgeHash": 635589968,
    "modrinthHash": "c65d07748acc57ceb45d53b3964368b84f34d54f"
  },
  "ColdSweat-2.3.13.jar": {
    "jarName": "ColdSweat-2.3.13.jar",
    "modId": "cold_sweat",
    "version": "2.3.13",
    "curseForgeHash": 1012176865,
    "modrinthHash": "45dcceff1858bf00e1a9e1ce84910685f7aa4c58"
  },
  "comforts-forge-6.4.0+1.20.1.jar": {
    "jarName": "comforts-forge-6.4.0+1.20.1.jar",
    "modId": "comforts",
    "version": "6.4.0+1.20.1",
    "curseForgeHash": 940613798,
    "modrinthHash": "e7b9fe89566bb1ee013e33745f22f309f679536e"
  },
  "connectivity-1.20.1-7.2.jar": {
    "jarName": "connectivity-1.20.1-7.2.jar",
    "modId": "connectivity",
    "version": "1.20.1-7.2",
    "curseForgeHash": 2957935943,
    "modrinthHash": "b05ecfb2729938fb5ce38df6af43b0b4e55b1833"
  },
  "Controlling-forge-1.20.1-12.0.2.jar": {
    "jarName": "Controlling-forge-1.20.1-12.0.2.jar",
    "modId": "controlling",
    "version": "12.0.2",
    "curseForgeHash": 2144346557,
    "modrinthHash": "f6d3cdd3ec68c5590cf5b2e89c38dbf031824bfd"
  },
  "coroutil-forge-1.20.1-1.3.7.jar": {
    "jarName": "coroutil-forge-1.20.1-1.3.7.jar",
    "modId": "coroutil",
    "version": "1.20.1-1.3.7",
    "curseForgeHash": 1380297823,
    "modrinthHash": "7f5f0b62a638b6053c95919cbe8c2bea2e0c93d0"
  },
  "CrashAssistant-forge-1.19-1.20.1-1.10.25.jar": {
    "jarName": "CrashAssistant-forge-1.19-1.20.1-1.10.25.jar",
    "modId": "crash_assistant",
    "version": "1.10.25",
    "curseForgeHash": 3610290716,
    "modrinthHash": "b7d7dc4f2468376494ba7333c3bda2f893764742"
  },
  "cupboard-1.20.1-2.7.jar": {
    "jarName": "cupboard-1.20.1-2.7.jar",
    "modId": "cupboard",
    "version": "1.20.1-2.7",
    "curseForgeHash": 4091473499,
    "modrinthHash": "204bc8aa83e8a685f64311b72d55505ab2eca867"
  },
  "curios-forge-5.14.1+1.20.1.jar": {
    "jarName": "curios-forge-5.14.1+1.20.1.jar",
    "modId": "curios",
    "version": "5.14.1+1.20.1",
    "curseForgeHash": 1288931317,
    "modrinthHash": "452175b95ad3db6ff58bb8968f6bf7a9d1e0f480"
  },
  "dynamic-fps-3.9.5+minecraft-1.20.0-forge.jar": {
    "jarName": "dynamic-fps-3.9.5+minecraft-1.20.0-forge.jar",
    "modId": "dynamic_fps",
    "version": "3.9.5",
    "curseForgeHash": 3122710066,
    "modrinthHash": "a034d1752abd84dc188852dac1ef87fb8ab2247a"
  },
  "eidolon_repraised-1.20.1-0.3.9.6.jar": {
    "jarName": "eidolon_repraised-1.20.1-0.3.9.6.jar",
    "modId": "eidolon",
    "version": "0.3.9.6",
    "curseForgeHash": 3347370155,
    "modrinthHash": "352fe2a89ef12756ab274a8db2e7ae5965f4846c"
  },
  "Electrodynamics-1.20.1-0.9.2-7.jar": {
    "jarName": "Electrodynamics-1.20.1-0.9.2-7.jar",
    "modId": "electrodynamics",
    "version": "1.20.1-0.9.2-7",
    "curseForgeHash": 2653967795,
    "modrinthHash": "afad263ad72ef85d43a0eab293ee04f7dc3418cc"
  },
  "embeddium-0.3.31+mc1.20.1.jar": {
    "jarName": "embeddium-0.3.31+mc1.20.1.jar",
    "modId": "embeddium",
    "version": "0.3.31+mc1.20.1",
    "curseForgeHash": 4281946638,
    "modrinthHash": "bb2fa8f3e493af16af9160d049f96c614a1faf2f"
  },
  "embersdelight-1.20.1-1.0.0.jar": {
    "jarName": "embersdelight-1.20.1-1.0.0.jar",
    "modId": "embersdelight",
    "version": "1.20.1-1.0.0",
    "curseForgeHash": 2429181874,
    "modrinthHash": "4be017073c7541e83efa11677b3d272aafd04091"
  },
  "embersrekindled-1.20.1-1.4.6.jar": {
    "jarName": "embersrekindled-1.20.1-1.4.6.jar",
    "modId": "embers",
    "version": "1.20.1-1.4.6",
    "curseForgeHash": 939754368,
    "modrinthHash": "d75c77ba20199bbd4743fbcc17236fb6538f9440"
  },
  "entity_model_features_1.20.1-forge-3.0.7.jar": {
    "jarName": "entity_model_features_1.20.1-forge-3.0.7.jar",
    "modId": "entity_model_features",
    "version": "3.0.7",
    "curseForgeHash": 2798600573,
    "modrinthHash": "4c3367cc6923e778ea1119a1240d1d160055f3e6"
  },
  "entity_texture_features_1.20.1-forge-7.0.6.jar": {
    "jarName": "entity_texture_features_1.20.1-forge-7.0.6.jar",
    "modId": "entity_texture_features",
    "version": "7.0.6",
    "curseForgeHash": 2274694007,
    "modrinthHash": "756a6ed1a8ef46ae664d8a1fdaf50c9a7b4030fa"
  },
  "environmental-1.20.1-4.1.2.jar": {
    "jarName": "environmental-1.20.1-4.1.2.jar",
    "modId": "environmental",
    "version": "4.1.2",
    "curseForgeHash": 3954662022,
    "modrinthHash": "2c110c43d77841924bb2cf08ae7656a104f951f9"
  },
  "Essential_1-3-10-3_forge_1-20-1.jar": {
    "jarName": "Essential_1-3-10-3_forge_1-20-1.jar",
    "modId": "essential-container",
    "curseForgeHash": 1902133538,
    "modrinthHash": "86fdea37860db9806c72494dc5c9c92d6808d626"
  },
  "FarmersDelight-1.20.1-1.2.9.jar": {
    "jarName": "FarmersDelight-1.20.1-1.2.9.jar",
    "modId": "farmersdelight",
    "version": "1.20.1-1.2.9",
    "curseForgeHash": 4034486801,
    "modrinthHash": "ca9417c369e75d38dacdac59937223e5f6adcc18"
  },
  "ferritecore-6.0.1-forge.jar": {
    "jarName": "ferritecore-6.0.1-forge.jar",
    "modId": "ferritecore",
    "version": "6.0.1",
    "curseForgeHash": 2683111440,
    "modrinthHash": "417fb6ce8f52abf40bd9d0390371790f9576f8ba"
  },
  "ftb-library-forge-2001.2.12.jar": {
    "jarName": "ftb-library-forge-2001.2.12.jar",
    "modId": "ftblibrary",
    "version": "2001.2.12",
    "curseForgeHash": 3807919150,
    "modrinthHash": "7f36ec4af42ad1d69872c58022e93a9d1b9c82b7"
  },
  "ftb-quests-forge-2001.4.17.jar": {
    "jarName": "ftb-quests-forge-2001.4.17.jar",
    "modId": "ftbquests",
    "version": "2001.4.17",
    "curseForgeHash": 1887235832,
    "modrinthHash": "f7e4fec8991ce2b036ed4628e01fb48446a25ec7"
  },
  "ftb-teams-forge-2001.3.1.jar": {
    "jarName": "ftb-teams-forge-2001.3.1.jar",
    "modId": "ftbteams",
    "version": "2001.3.1",
    "curseForgeHash": 1240744296,
    "modrinthHash": "c2af94e0b86631cb75daa8de2377ff72527651ca"
  },
  "ftb-xmod-compat-forge-2.1.3.jar": {
    "jarName": "ftb-xmod-compat-forge-2.1.3.jar",
    "modId": "ftbxmodcompat",
    "version": "2.1.3",
    "curseForgeHash": 2853914731,
    "modrinthHash": "0584f628d2bc6a612d79dee368324357ebae1423"
  },
  "ftbmaterials-forge-20.1.0.jar": {
    "jarName": "ftbmaterials-forge-20.1.0.jar",
    "modId": "ftbmaterials",
    "version": "20.1.0",
    "curseForgeHash": 3372356657,
    "modrinthHash": "7f2beb41ef35368477b15ab3be093bba18500165"
  },
  "fusion-1.2.11a-forge-mc1.20.1.jar": {
    "jarName": "fusion-1.2.11a-forge-mc1.20.1.jar",
    "modId": "fusion",
    "version": "1.2.11+a",
    "curseForgeHash": 3813388807,
    "modrinthHash": "d356430ff9fe588998f4b85eb3a6b5b0e57e2b85"
  },
  "GameStages-Forge-1.20.1-15.0.2.jar": {
    "jarName": "GameStages-Forge-1.20.1-15.0.2.jar",
    "modId": "gamestages",
    "version": "15.0.2",
    "curseForgeHash": 1801538787,
    "modrinthHash": "e17306593188b9fd16170a9dc47a8e0051a9f1e7"
  },
  "geckolib-forge-1.20.1-4.8.2.jar": {
    "jarName": "geckolib-forge-1.20.1-4.8.2.jar",
    "modId": "geckolib",
    "version": "4.8.2",
    "curseForgeHash": 1555934041,
    "modrinthHash": "395a9f21a36dc8466d67c2af67a904e7013460d1"
  },
  "gpumemleakfix-1.20.1-1.8.jar": {
    "jarName": "gpumemleakfix-1.20.1-1.8.jar",
    "modId": "gpumemleakfix",
    "version": "1.20.1-1.8",
    "curseForgeHash": 686879422,
    "modrinthHash": "54301c2db5467e0f9f5c504887436f358335331f"
  },
  "hexerei-0.4.2.3.jar": {
    "jarName": "hexerei-0.4.2.3.jar",
    "modId": "hexerei",
    "version": "1.20.1-0.4.2.3",
    "curseForgeHash": 1466839477,
    "modrinthHash": "01d67f2c92aecb2e72eba3d37b7571e3ffe7297b"
  },
  "ImmersiveEngineering-1.20.1-10.2.0-183.jar": {
    "jarName": "ImmersiveEngineering-1.20.1-10.2.0-183.jar",
    "modId": "immersiveengineering",
    "version": "1.20.1-10.2.0-183",
    "curseForgeHash": 1984535685,
    "modrinthHash": "b6e403e0e5be1802268be366ad1a7791f07fb793"
  },
  "ImmersiveGeology-0.8.2-b4445.jar": {
    "jarName": "ImmersiveGeology-0.8.2-b4445.jar",
    "modId": "immersivegeology",
    "version": "0.8.2-b4445",
    "curseForgeHash": 1895780983,
    "modrinthHash": "74686608e47b0ea44bb394803cb66778b2c13efa"
  },
  "irons_spellbooks-1.20.1-3.4.0.11.jar": {
    "jarName": "irons_spellbooks-1.20.1-3.4.0.11.jar",
    "modId": "irons_spellbooks",
    "version": "1.20.1-3.4.0.11",
    "curseForgeHash": 80104047,
    "modrinthHash": "84e0678cdad2c007ee56fa3fef1403a612d07feb"
  },
  "Jade-1.20.1-Forge-11.13.2.jar": {
    "jarName": "Jade-1.20.1-Forge-11.13.2.jar",
    "modId": "jade",
    "version": "11.13.2+forge",
    "curseForgeHash": 305733389,
    "modrinthHash": "1997e5fe2db3a0575ca79bfe4720019f01fd2b8c"
  },
  "jei-1.20.1-forge-15.20.0.112.jar": {
    "jarName": "jei-1.20.1-forge-15.20.0.112.jar",
    "modId": "jei",
    "version": "15.20.0.112",
    "curseForgeHash": 3362609034,
    "modrinthHash": "f12b3781af6337794ae6e010420a97585360ea2f"
  },
  "jeimultiblocks-1.20.1-1.0.6.jar": {
    "jarName": "jeimultiblocks-1.20.1-1.0.6.jar",
    "modId": "jeimultiblocks",
    "version": "1.0.6",
    "curseForgeHash": 769186738,
    "modrinthHash": "e1aea2a60db221bbf2c2dc476b8969501186f48a"
  },
  "JustEnoughResources-1.20.1-1.4.0.247.jar": {
    "jarName": "JustEnoughResources-1.20.1-1.4.0.247.jar",
    "modId": "jeresources",
    "version": "1.4.0.247",
    "curseForgeHash": 3560569568,
    "modrinthHash": "2747c58f439c37a01139d35cab59ca1a54114009"
  },
  "justzoom_forge_2.1.1_MC_1.20.1.jar": {
    "jarName": "justzoom_forge_2.1.1_MC_1.20.1.jar",
    "modId": "justzoom",
    "version": "2.1.1",
    "curseForgeHash": 786588444,
    "modrinthHash": "8bbcdfb61e9f0f738af0efff12c93b8f9daf2fb0"
  },
  "konkrete_forge_1.8.0_MC_1.20-1.20.1.jar": {
    "jarName": "konkrete_forge_1.8.0_MC_1.20-1.20.1.jar",
    "modId": "konkrete",
    "version": "1.8.0",
    "curseForgeHash": 3537653842,
    "modrinthHash": "2019d821bed9071daabed43979433a5473ceee49"
  },
  "L_Enders_Cataclysm-3.16.jar": {
    "jarName": "L_Enders_Cataclysm-3.16.jar",
    "modId": "cataclysm",
    "version": "3.16",
    "curseForgeHash": 1522118722,
    "modrinthHash": "25d84c486a817ba54362ea1f4b82b6d3802cc074"
  },
  "lag_free-1.0.0.jar": {
    "jarName": "lag_free-1.0.0.jar",
    "modId": "lag_free",
    "version": "1.0.0",
    "curseForgeHash": 2931908824,
    "modrinthHash": "1d7828f0168450099c816abc9370f964cae6bfce"
  },
  "letsdo-API-forge-1.2.15-forge.jar": {
    "jarName": "letsdo-API-forge-1.2.15-forge.jar",
    "modId": "doapi",
    "version": "1.2.15",
    "curseForgeHash": 2024374848,
    "modrinthHash": "a261043a45097d861a13a63ebdbb0ca350e06a63"
  },
  "letsdo-brewery-forge-2.0.6.jar": {
    "jarName": "letsdo-brewery-forge-2.0.6.jar",
    "modId": "brewery",
    "version": "2.0.6",
    "curseForgeHash": 2892597364,
    "modrinthHash": "ce364781ec9accfdd5bb04f8280ffb542243b1ae"
  },
  "letsdo-candlelight-forge-2.0.5.jar": {
    "jarName": "letsdo-candlelight-forge-2.0.5.jar",
    "modId": "candlelight",
    "version": "2.0.5",
    "curseForgeHash": 3734629786,
    "modrinthHash": "67b5560125db588cb1d87c042cc9dce9833861d7"
  },
  "letsdo-farm_and_charm-forge-1.0.14.jar": {
    "jarName": "letsdo-farm_and_charm-forge-1.0.14.jar",
    "modId": "farm_and_charm",
    "version": "1.0.14",
    "curseForgeHash": 2838165625,
    "modrinthHash": "4db017c18fff8356e1aa5f0e9c683f1af30bec2b"
  },
  "letsdo-herbalbrews-forge-1.0.12.jar": {
    "jarName": "letsdo-herbalbrews-forge-1.0.12.jar",
    "modId": "herbalbrews",
    "version": "1.0.12",
    "curseForgeHash": 2611086057,
    "modrinthHash": "3de7feb383868a0db45351580d6ef5b05b776f16"
  },
  "letsdo-meadow-forge-1.3.25.jar": {
    "jarName": "letsdo-meadow-forge-1.3.25.jar",
    "modId": "meadow",
    "version": "1.3.25",
    "curseForgeHash": 3645580272,
    "modrinthHash": "da7d934ff35f03279bee6597362f30d2aea7462f"
  },
  "letsdo-vinery-forge-1.4.41.jar": {
    "jarName": "letsdo-vinery-forge-1.4.41.jar",
    "modId": "vinery",
    "version": "1.4.41",
    "curseForgeHash": 3539383664,
    "modrinthHash": "68ed3fa9524bef601064f49f60a30423db2f8fdc"
  },
  "lionfishapi-2.4-Fix.jar": {
    "jarName": "lionfishapi-2.4-Fix.jar",
    "modId": "lionfishapi",
    "version": "2.4-Fix",
    "curseForgeHash": 3375534118,
    "modrinthHash": "b198f38fb27dfc6db490b496d56aa1622d5a5b87"
  },
  "lithostitched-forge-1.20.1-1.4.11.jar": {
    "jarName": "lithostitched-forge-1.20.1-1.4.11.jar",
    "modId": "lithostitched",
    "version": "1.4.11",
    "curseForgeHash": 940772176,
    "modrinthHash": "d1a755de84ee5d8910ff1e65e815473056e93ece"
  },
  "lootr-forge-1.20-0.7.35.94.jar": {
    "jarName": "lootr-forge-1.20-0.7.35.94.jar",
    "modId": "lootr",
    "version": "0.7.35.94",
    "curseForgeHash": 1036440574,
    "modrinthHash": "1ec77a7df8adbf3290a296bf25b8f99f37a60020"
  },
  "Mekanism-1.20.1-10.4.16.80.jar": {
    "jarName": "Mekanism-1.20.1-10.4.16.80.jar",
    "modId": "mekanism",
    "version": "10.4.16",
    "curseForgeHash": 2493616045,
    "modrinthHash": "b7f12ae710888b01746507a0aa8cb375f5897158"
  },
  "MekanismGenerators-1.20.1-10.4.16.80.jar": {
    "jarName": "MekanismGenerators-1.20.1-10.4.16.80.jar",
    "modId": "mekanismgenerators",
    "version": "10.4.16",
    "curseForgeHash": 146659146,
    "modrinthHash": "53fa707fd204ca1dd099a08995c2197145ff9a36"
  },
  "MekanismTools-1.20.1-10.4.16.80.jar": {
    "jarName": "MekanismTools-1.20.1-10.4.16.80.jar",
    "modId": "mekanismtools",
    "version": "10.4.16",
    "curseForgeHash": 2167641269,
    "modrinthHash": "0d22b1cc01a33702f1b9e17b26cc55e233a4e7ff"
  },
  "melody_forge_1.0.3_MC_1.20.1-1.20.4.jar": {
    "jarName": "melody_forge_1.0.3_MC_1.20.1-1.20.4.jar",
    "modId": "melody",
    "version": "1.0.2",
    "curseForgeHash": 841420877,
    "modrinthHash": "e0942d396a70c09038e6c2e5e1da6505178249b8"
  },
  "modernfix-forge-5.25.1+mc1.20.1.jar": {
    "jarName": "modernfix-forge-5.25.1+mc1.20.1.jar",
    "modId": "modernfix",
    "version": "5.25.1+mc1.20.1",
    "curseForgeHash": 3139276307,
    "modrinthHash": "124ea5db8c3b7dc00166806ef0fc412177882fda"
  },
  "modonomicon-1.20.1-forge-1.79.2.jar": {
    "jarName": "modonomicon-1.20.1-forge-1.79.2.jar",
    "modId": "modonomicon",
    "version": "1.79.2",
    "curseForgeHash": 2761737060,
    "modrinthHash": "9d55f629c8a9b0ea1912051fe04b16400c640944"
  },
  "MouseTweaks-forge-mc1.20.1-2.25.1.jar": {
    "jarName": "MouseTweaks-forge-mc1.20.1-2.25.1.jar",
    "modId": "mousetweaks",
    "version": "2.25.1",
    "curseForgeHash": 3001740257,
    "modrinthHash": "d751153e722a4e014691c83f39f5b07c6ec5333c"
  },
  "mowzies_cataclysm-1.2.0.jar": {
    "jarName": "mowzies_cataclysm-1.2.0.jar",
    "modId": "mowzies_cataclysm",
    "version": "1.2.0",
    "curseForgeHash": 630180937,
    "modrinthHash": "75bbbac8e9d394a30f6751570ed3506a6dfbb846"
  },
  "mowziesmobs-1.7.3.jar": {
    "jarName": "mowziesmobs-1.7.3.jar",
    "modId": "mowziesmobs",
    "version": "1.7.3",
    "curseForgeHash": 4019772644,
    "modrinthHash": "690f2134241544b3f6c38ff895d8e5a2aa77aa4d"
  },
  "Not Enough Recipe Book-FORGE-0.4.1+1.20.1.jar": {
    "jarName": "Not Enough Recipe Book-FORGE-0.4.1+1.20.1.jar",
    "modId": "nerb",
    "version": "0.4.1",
    "curseForgeHash": 1367373369,
    "modrinthHash": "c0806369f4257149664904db44efc60bd1785c17"
  },
  "Nuclear Science-1.20.1-0.6.2-7.jar": {
    "jarName": "Nuclear Science-1.20.1-0.6.2-7.jar",
    "modId": "nuclearscience",
    "version": "1.20.1-0.6.2-7",
    "curseForgeHash": 2763100072,
    "modrinthHash": "661673e73723ad08f20b91c1fad6cba40ddb6eb1"
  },
  "oceansdelight-1.0.2-1.20.jar": {
    "jarName": "oceansdelight-1.0.2-1.20.jar",
    "modId": "oceansdelight",
    "version": "1.0.2-1.20",
    "curseForgeHash": 1513167691,
    "modrinthHash": "32af985453bde77bfa56d59cdfb11cab5662c8e1"
  },
  "OctoLib-FORGE-0.5.0.1+1.20.1.jar": {
    "jarName": "OctoLib-FORGE-0.5.0.1+1.20.1.jar",
    "modId": "octolib",
    "version": "0.5.0.1",
    "curseForgeHash": 2265070471,
    "modrinthHash": "9eab28baff36942e1c924489e34753df10f40208"
  },
  "oculus-mc1.20.1-1.8.0.jar": {
    "jarName": "oculus-mc1.20.1-1.8.0.jar",
    "modId": "oculus",
    "version": "1.8.0",
    "curseForgeHash": 516527841,
    "modrinthHash": "984f774e71790deaec674c7587bd24e0711871b2"
  },
  "OverflowingBars-v8.0.1-1.20.1-Forge.jar": {
    "jarName": "OverflowingBars-v8.0.1-1.20.1-Forge.jar",
    "modId": "overflowingbars",
    "version": "8.0.1",
    "curseForgeHash": 1976454581,
    "modrinthHash": "047ac47549ae0a21b05f70d74bcf436ee0221eef"
  },
  "packetfixer-3.3.1-1.18-1.20.4-merged.jar": {
    "jarName": "packetfixer-3.3.1-1.18-1.20.4-merged.jar",
    "modId": "packetfixer",
    "version": "3.3.1",
    "curseForgeHash": 2235595709,
    "modrinthHash": "0bef29023c8cadb2934d78a8b0066b49d4460974"
  },
  "Placebo-1.20.1-8.6.3.jar": {
    "jarName": "Placebo-1.20.1-8.6.3.jar",
    "modId": "placebo",
    "version": "8.6.3",
    "curseForgeHash": 3174429337,
    "modrinthHash": "e85f53de2e582a79ce25ff1df1e7b5b5fc08440f"
  },
  "player-animation-lib-forge-1.0.2-rc1+1.20.jar": {
    "jarName": "player-animation-lib-forge-1.0.2-rc1+1.20.jar",
    "modId": "playeranimator",
    "version": "1.0.2-rc1+1.20",
    "curseForgeHash": 2854309810,
    "modrinthHash": "16808f94a41d45d8e986b4e4ea6b02ba57fa058a"
  },
  "polymorph-forge-0.49.10+1.20.1.jar": {
    "jarName": "polymorph-forge-0.49.10+1.20.1.jar",
    "modId": "polymorph",
    "version": "0.49.10+1.20.1",
    "curseForgeHash": 3179981898,
    "modrinthHash": "e4afd6f512cc06311320357ed974cee586e031c3"
  },
  "potionsmaster-1.20.1-47.1.70-0.6.0.jar": {
    "jarName": "potionsmaster-1.20.1-47.1.70-0.6.0.jar",
    "modId": "potionsmaster",
    "version": "0.6.0",
    "curseForgeHash": 3593995293,
    "modrinthHash": "ee889678a7b53489c0c61a7d9a19b11fd5e499c5"
  },
  "Psychadelic-Chemistry_1.20.1-1.4.5.jar": {
    "jarName": "Psychadelic-Chemistry_1.20.1-1.4.5.jar",
    "modId": "psychadelic",
    "version": "1.0.0",
    "curseForgeHash": 1998798088,
    "modrinthHash": "25341ce860a0bf4b86e72bd31d93ee4d9eddcb2f"
  },
  "PuzzlesLib-v8.1.33-1.20.1-Forge.jar": {
    "jarName": "PuzzlesLib-v8.1.33-1.20.1-Forge.jar",
    "modId": "puzzleslib",
    "version": "8.1.33",
    "curseForgeHash": 3151848185,
    "modrinthHash": "285b7c7616971338ccbe0022c9ea0f8ad3036aaf"
  },
  "railcraft-reborn-1.20.1-1.1.10.jar": {
    "jarName": "railcraft-reborn-1.20.1-1.1.10.jar",
    "modId": "railcraft",
    "version": "1.1.10",
    "curseForgeHash": 938044732,
    "modrinthHash": "4a65ac74a41617d99b16b84a3d841da8fcfe0ab3"
  },
  "RegionsUnexploredForge-0.5.6+1.20.1.jar": {
    "jarName": "RegionsUnexploredForge-0.5.6+1.20.1.jar",
    "modId": "regions_unexplored",
    "version": "0.5.6",
    "curseForgeHash": 2143839888,
    "modrinthHash": "990b4b9492a8fd7cd150598e3e02a466efa913fb"
  },
  "resourcefulconfig-forge-1.20.1-2.1.3.jar": {
    "jarName": "resourcefulconfig-forge-1.20.1-2.1.3.jar",
    "modId": "resourcefulconfig",
    "version": "2.1.3",
    "curseForgeHash": 2554742015,
    "modrinthHash": "597d40920dcc935f963842c817dcc4901862ab14"
  },
  "resourcefullib-forge-1.20.1-2.1.29.jar": {
    "jarName": "resourcefullib-forge-1.20.1-2.1.29.jar",
    "modId": "resourcefullib",
    "version": "2.1.29",
    "curseForgeHash": 4227743239,
    "modrinthHash": "6fc590a7c56a720fec57e290cbb0a106efbb3ffa"
  },
  "rhino-forge-2001.2.3-build.10.jar": {
    "jarName": "rhino-forge-2001.2.3-build.10.jar",
    "modId": "rhino",
    "version": "2001.2.3-build.10",
    "curseForgeHash": 1432081092,
    "modrinthHash": "c83c9b719a6bab33fbd2b3f2f680eb3adbfc1aa1"
  },
  "Searchables-forge-1.20.1-1.0.3.jar": {
    "jarName": "Searchables-forge-1.20.1-1.0.3.jar",
    "modId": "searchables",
    "version": "1.0.3",
    "curseForgeHash": 3171281796,
    "modrinthHash": "ed5a23ec30c90fd06b3f1d8140614028e1fafaee"
  },
  "simplyswords-forge-1.56.0-1.20.1.jar": {
    "jarName": "simplyswords-forge-1.56.0-1.20.1.jar",
    "modId": "simplyswords",
    "version": "1.56.0-1.20.1",
    "curseForgeHash": 3196160906,
    "modrinthHash": "ff801e939da0f9afc2d96cce4375d8c4bb368533"
  },
  "smoothboot(reloaded)-mc1.20.1-0.0.4.jar": {
    "jarName": "smoothboot(reloaded)-mc1.20.1-0.0.4.jar",
    "modId": "smoothboot",
    "version": "0.0.4",
    "curseForgeHash": 2392064616,
    "modrinthHash": "3fd79132dba444bd109b5de4ad75dee06a48e130"
  },
  "sodiumdynamiclights-forge-1.0.10-1.20.1.jar": {
    "jarName": "sodiumdynamiclights-forge-1.0.10-1.20.1.jar",
    "modId": "sodiumdynamiclights",
    "version": "1.0.9",
    "curseForgeHash": 4061843185,
    "modrinthHash": "d27524e85bed0f0af83c03be46f9ca3eb02a1be9"
  },
  "sodiumoptionsapi-forge-1.0.10-1.20.1.jar": {
    "jarName": "sodiumoptionsapi-forge-1.0.10-1.20.1.jar",
    "modId": "sodiumoptionsapi",
    "version": "1.0.10",
    "curseForgeHash": 2197810606,
    "modrinthHash": "7529fbf938787ed13a251cbf40936f8c29ec4b6c"
  },
  "sophisticatedbackpacks-1.20.1-3.24.12.1411.jar": {
    "jarName": "sophisticatedbackpacks-1.20.1-3.24.12.1411.jar",
    "modId": "sophisticatedbackpacks",
    "version": "3.24.12.1411",
    "curseForgeHash": 1758099020,
    "modrinthHash": "6fcdb6e2fc18e24cd0e65fe57961310dd2443bd9"
  },
  "sophisticatedcore-1.20.1-1.2.107.1240.jar": {
    "jarName": "sophisticatedcore-1.20.1-1.2.107.1240.jar",
    "modId": "sophisticatedcore",
    "version": "1.2.107.1240",
    "curseForgeHash": 2765616546,
    "modrinthHash": "bd25a3a9d1b4a6e25b4087b58c0cd3a9564a78a7"
  },
  "sound-physics-remastered-forge-1.20.1-1.5.1.jar": {
    "jarName": "sound-physics-remastered-forge-1.20.1-1.5.1.jar",
    "modId": "sound_physics_remastered",
    "version": "1.20.1-1.5.1",
    "curseForgeHash": 3096934868,
    "modrinthHash": "aef2c02392624f0a12475ada809366b12ac9ec52"
  },
  "spark-1.10.53-forge.jar": {
    "jarName": "spark-1.10.53-forge.jar",
    "modId": "spark",
    "version": "1.10.53",
    "curseForgeHash": 1515254383,
    "modrinthHash": "231fb325368c0660954f47bfb03493f5246fa4d1"
  },
  "tectonic-3.0.17-forge-1.20.1.jar": {
    "jarName": "tectonic-3.0.17-forge-1.20.1.jar",
    "modId": "tectonic",
    "version": "3.0.17",
    "curseForgeHash": 2168110555,
    "modrinthHash": "07bfe13bc1bd75a6277f3d62bf92a549b33067a9"
  },
  "TerraBlender-forge-1.20.1-3.0.1.10.jar": {
    "jarName": "TerraBlender-forge-1.20.1-3.0.1.10.jar",
    "modId": "terrablender",
    "version": "3.0.1.10",
    "curseForgeHash": 921691151,
    "modrinthHash": "3bd99fb59e8b06b04e78b5153790c1e08b2be5dc"
  },
  "theurgy-1.20.1-1.25.0.jar": {
    "jarName": "theurgy-1.20.1-1.25.0.jar",
    "modId": "theurgy",
    "version": "1.25.0",
    "curseForgeHash": 2187303092,
    "modrinthHash": "22a9af9896b7a8d0ed0caef84ca2d4d6f5875ffa"
  },
  "toofast-1.20-0.4.3.5.jar": {
    "jarName": "toofast-1.20-0.4.3.5.jar",
    "modId": "toofast",
    "version": "0.4.3.5",
    "curseForgeHash": 165753123,
    "modrinthHash": "a6163b39827b483fb2976c916d99fce6cbf247a9"
  },
  "traveloptics-5.7.0-1.20.1.jar": {
    "jarName": "traveloptics-5.7.0-1.20.1.jar",
    "modId": "traveloptics",
    "version": "5.7.0-1.20.1",
    "curseForgeHash": 2988665324,
    "modrinthHash": "bb820a77611bd311e0bef5d56cfd307040e3daa9"
  },
  "voicechat-forge-1.20.1-2.6.6.jar": {
    "jarName": "voicechat-forge-1.20.1-2.6.6.jar",
    "modId": "voicechat",
    "version": "1.20.1-2.6.6",
    "curseForgeHash": 2766639857,
    "modrinthHash": "476a9c4be9c77dac629697c749de96a88cda881c"
  },
  "Voltaic-1.20.1-1.0.0-9.jar": {
    "jarName": "Voltaic-1.20.1-1.0.0-9.jar",
    "modId": "voltaic",
    "version": "1.20.1-1.0.0-9",
    "curseForgeHash": 3955065436,
    "modrinthHash": "e072990b8150375bd253f78d781ca14ee425ac1c"
  },
  "watut-forge-1.20.1-1.2.3.jar": {
    "jarName": "watut-forge-1.20.1-1.2.3.jar",
    "modId": "watut",
    "version": "1.20.1-1.2.3",
    "curseForgeHash": 3519258904,
    "modrinthHash": "d376debf1f96f37dbedf56919baeb7da2dcef9ab"
  },
  "wondersoftheworld-1.20.1-2.1.0-WOTWFourthRelease.jar": {
    "jarName": "wondersoftheworld-1.20.1-2.1.0-WOTWFourthRelease.jar",
    "modId": "wondersoftheworld",
    "version": "2.1.0-WOTWFourthRelease",
    "curseForgeHash": 783303391,
    "modrinthHash": "a8c481b513615ad05ef34a25e4f8073b7dc4bb8b"
  },
  "Xaeros_Minimap_25.2.10_Forge_1.20.jar": {
    "jarName": "Xaeros_Minimap_25.2.10_Forge_1.20.jar",
    "modId": "xaerominimap",
    "version": "25.2.10",
    "curseForgeHash": 916576203,
    "modrinthHash": "1f23df114da3a8603dbe4781c07e8acf20f6d1ce"
  },
  "XaerosWorldMap_1.39.12_Forge_1.20.jar": {
    "jarName": "XaerosWorldMap_1.39.12_Forge_1.20.jar",
    "modId": "xaeroworldmap",
    "version": "1.39.12",
    "curseForgeHash": 3696490833,
    "modrinthHash": "3c4005a400ba8270738bbe4c573526749ecf2f8f"
  },
  "zawa-1.20.1-1.1.0-IntelligentAnimals3-alpha4.jar": {
    "jarName": "zawa-1.20.1-1.1.0-IntelligentAnimals3-alpha4.jar",
    "modId": "zawa",
    "version": "1.20.1-1.1.0-IntelligentAnimals3-alpha4",
    "curseForgeHash": 3968087096,
    "modrinthHash": "1c81d74f8365faab5d1814c12fbadd599974f6ac"
  },
  "zawaessentials-1.20.1-1.0.0-IntAn3-alpha3.jar": {
    "jarName": "zawaessentials-1.20.1-1.0.0-IntAn3-alpha3.jar",
    "modId": "zawaessentials",
    "version": "1.0.0-IntAn3-alpha3",
    "curseForgeHash": 1178681092,
    "modrinthHash": "6a0552fd3d81a64d866a0e263db1ec9cc93ce39c"
  }
}